config_id,case_count,pair_count,korean_complete_pair_rate,mean_source_description_cosine,mean_question_diversity,direct_visual_access_warning_count,unsupported_spectral_claim_count,mean_answer_characters,mean_latency_seconds
C01,5,20,1.0,0.6324438835842872,0.9657420466238055,0,0,20.3,3.145661533251405
C02,5,20,1.0,0.8209361600052499,0.925796915730165,0,0,49.2,4.086337178014219
C03,5,20,1.0,0.5588953210476316,0.9797094283021271,0,0,25.4,5.301902508363128
C04,5,20,1.0,0.5371311323308753,0.8999821870239572,0,0,23.6,6.095480198785663
C05,5,20,1.0,0.624732886420792,0.868826414112305,0,0,14.6,3.058479581028223
C06,5,20,1.0,0.5852330266353623,0.9227056142131967,0,0,13.6,5.483785509318113
C07,5,20,1.0,0.5443215123434176,0.9783751830042966,0,0,30.0,10.278250504471362
C08,5,20,1.0,0.5035951275205062,0.968204768407424,0,0,28.3,10.63756538182497
C09,5,20,1.0,0.5719752174870579,0.979547688923798,0,0,28.1,5.293873810954392
C10,5,20,1.0,0.5567763212147117,0.9428524151617577,0,0,17.65,2.877698754519224
C11,5,20,1.0,0.6517715014120642,0.9206328496377895,0,0,49.8,3.7252435620874165
